state,bit_pattern,num_bits,char
0,0x00000000,2,84
0,0x40000000,3,66
0,0x80000000,4,67
0,0x90000000,4,73
0,0xD0000000,4,83
0,0x60000000,5,76
0,0x70000000,5,68
0,0x78000000,5,72
0,0xA0000000,5,82
0,0xA8000000,5,78
0,0xB0000000,5,69
0,0xC0000000,5,70
0,0xC8000000,5,65
0,0xE0000000,5,77
0,0xE8000000,5,80
0,0xF0000000,5,87
0,0x6C000000,6,81
0,0xBC000000,6,71
0,0xF8000000,6,74
0,0x68000000,7,75
0,0xBA000000,7,85
0,0xFC000000,7,79
0,0x6A000000,8,54
0,0x6B000000,8,46
0,0xB8000000,8,86
0,0xFE000000,8,89
0,0xB9800000,9,50
0,0xFF800000,9,88
0,0xB9000000,10,90
0,0xFF000000,10,56
0,0xB9400000,11,49
0,0xB9600000,11,51
0,0xFF400000,12,52
0,0xFF500000,12,39
0,0xFF700000,12,32
0,0xFF600000,14,53
0,0xFF6C0000,14,48
0,0xFF660000,15,109
0,0xFF640000,16,99
0,0xFF680000,16,57
0,0xFF6A0000,16,97
0,0xFF6B0000,16,100
0,0xFF650000,17,115
0,0xFF658000,17,112
0,0xFF690000,17,40
0,0xFF698000,18,116
0,0xFF69C000,19,55
0,0xFF69E000,20,1
0,0xFF69F000,20,108
0,0x00000000,1,1
0,0x80000000,1,1
1,0x00000000,1,1
1,0x80000000,1,1
3,0x00000000,1,1
3,0x80000000,1,1
4,0x00000000,1,1
4,0x80000000,1,1
5,0x00000000,1,1
5,0x80000000,1,1
6,0x00000000,1,1
6,0x80000000,1,1
7,0x00000000,1,1
7,0x80000000,1,1
8,0x00000000,1,1
8,0x80000000,1,1
9,0x00000000,1,1
9,0x80000000,1,1
10,0x00000000,1,1
10,0x80000000,1,1
11,0x00000000,1,1
11,0x80000000,1,1
12,0x00000000,1,1
12,0x80000000,1,1
13,0x00000000,1,1
13,0x80000000,1,1
14,0x00000000,1,1
14,0x80000000,1,1
15,0x00000000,1,1
15,0x80000000,1,1
16,0x00000000,1,1
16,0x80000000,1,1
17,0x00000000,1,1
17,0x80000000,1,1
18,0x00000000,1,1
18,0x80000000,1,1
19,0x00000000,1,1
19,0x80000000,1,1
20,0x00000000,1,1
20,0x80000000,1,1
21,0x00000000,1,1
21,0x80000000,1,1
22,0x00000000,1,1
22,0x80000000,1,1
23,0x00000000,1,1
23,0x80000000,1,1
24,0x00000000,1,1
24,0x80000000,1,1
25,0x00000000,1,1
25,0x80000000,1,1
26,0x00000000,1,1
26,0x80000000,1,1
27,0x00000000,1,1
27,0x80000000,1,1
28,0x00000000,1,1
28,0x80000000,1,1
29,0x00000000,1,1
29,0x80000000,1,1
30,0x00000000,1,1
30,0x80000000,1,1
31,0x00000000,1,1
31,0x80000000,1,1
32,0x00000000,4,87
32,0x30000000,4,77
32,0x40000000,4,67
32,0x50000000,4,66
32,0x70000000,4,80
32,0x90000000,4,84
32,0xC0000000,4,78
32,0xF0000000,4,83
32,0x18000000,5,73
32,0x20000000,5,71
32,0x60000000,5,72
32,0x68000000,5,68
32,0x80000000,5,111
32,0x88000000,5,65
32,0xA0000000,5,116
32,0xB0000000,5,97
32,0xB8000000,5,70
32,0xD0000000,5,76
32,0xD8000000,5,82
32,0x2C000000,6,85
32,0xAC000000,6,79
32,0xE4000000,6,74
32,0xE8000000,6,69
32,0x10000000,7,102
32,0x12000000,7,81
32,0x16000000,7,86
32,0x28000000,7,0
32,0x2A000000,7,119
32,0xE0000000,7,50
32,0xE2000000,7,75
32,0xEC000000,7,89
32,0xEE000000,7,105
32,0x14000000,8,45
32,0xA9000000,8,49
32,0xA8000000,9,38
32,0xAA800000,9,88
32,0x15400000,10,114
32,0xA8800000,10,53
32,0xA8C00000,10,90
32,0xAA400000,10,57
32,0xAB400000,10,115
32,0xAB800000,10,52
32,0xABC00000,10,51
32,0x15000000,11,55
32,0x15800000,11,98
32,0x15C00000,11,121
32,0xAA000000,11,39
32,0xAB000000,11,54
32,0x15A00000,12,118
32,0x15B00000,12,100
32,0x15E00000,12,40
32,0xAA200000,12,32
32,0xAA300000,12,48
32,0xAB200000,12,110
32,0xAB300000,12,56
32,0x15300000,13,103
32,0x15F00000,13,117
32,0x15200000,14,43
32,0x15240000,14,46
32,0x15280000,14,1
32,0x152C0000,14,108
32,0x153C0000,14,109
32,0x15F80000,14,112
32,0x15380000,15,92
32,0x153A0000,15,47
32,0x15FE0000,15,101
32,0x15FD0000,16,34
32,0x15FC8000,17,99
32,0x15FC0000,18,107
32,0x15FC4000,18,104
33,0x80000000,1,0
33,0x40000000,2,32
33,0x20000000,3,46
33,0x10000000,4,33
33,0x08000000,5,34
33,0x00000000,6,1
33,0x04000000,6,58
34,0x00000000,1,32
34,0x80000000,2,1
34,0xC0000000,2,73
35,0x00000000,1,1
35,0x80000000,1,1
36,0x00000000,1,1
36,0x80000000,1,1
37,0x80000000,1,32
37,0x00000000,2,1
37,0x40000000,2,0
38,0x80000000,1,32
38,0x40000000,2,66
38,0x00000000,3,1
38,0x20000000,3,46
39,0x80000000,1,115
39,0x00000000,3,109
39,0x40000000,3,67
39,0x20000000,4,116
39,0x30000000,4,32
39,0x60000000,5,100
39,0x70000000,5,118
39,0x6C000000,6,114
39,0x7C000000,6,65
39,0x6A000000,7,110
39,0x68000000,8,71
39,0x79000000,8,108
39,0x69800000,9,68
39,0x78000000,9,66
39,0x78800000,9,101
39,0x7A800000,9,105
39,0x7B000000,9,54
39,0x69000000,10,76
39,0x7A400000,10,0
39,0x7BC00000,10,119
39,0x69400000,11,79
39,0x7A000000,11,83
39,0x7A200000,11,69
39,0x7BA00000,11,78
39,0x7B900000,12,82
39,0x69600000,13,97
39,0x69680000,13,77
39,0x69700000,13,75
39,0x69780000,13,70
39,0x7B800000,13,48
39,0x7B880000,14,1
39,0x7B8C0000,14,99
40,0x80000000,1,99
40,0x00000000,3,49
40,0x20000000,4,77
40,0x30000000,4,85
40,0x40000000,4,82
40,0x50000000,4,68
40,0x60000000,4,72
40,0x70000000,5,83
40,0x78000000,6,70
40,0x7C000000,7,71
40,0x7E000000,8,1
40,0x7F000000,8,89
41,0x80000000,1,0
41,0x00000000,2,1
41,0x40000000,2,32
42,0x00000000,1,42
42,0xA0000000,3,32
42,0x80000000,4,100
42,0xC0000000,4,109
42,0xD0000000,4,116
42,0xF0000000,4,115
42,0x90000000,5,101
42,0xE0000000,5,103
42,0xE8000000,5,107
42,0x98000000,6,1
42,0x9C000000,6,121
43,0x00000000,1,1
43,0x80000000,1,32
44,0x80000000,1,32
44,0x40000000,2,48
44,0x00000000,3,1
44,0x20000000,3,46
45,0xC0000000,2,32
45,0x60000000,3,83
45,0x80000000,3,71
45,0xA0000000,3,79
45,0x30000000,4,84
45,0x40000000,4,85
45,0x00000000,5,69
45,0x10000000,5,68
45,0x08000000,6,109
45,0x18000000,6,48
45,0x1C000000,6,73
45,0x28000000,6,54
45,0x50000000,6,70
45,0x54000000,6,111
45,0x0C000000,7,76
45,0x0E000000,7,67
45,0x22000000,7,65
45,0x24000000,7,116
45,0x26000000,7,89
45,0x2E000000,7,50
45,0x58000000,7,66
45,0x5A000000,7,46
45,0x20000000,8,80
45,0x21000000,8,90
45,0x5C000000,8,56
45,0x5D000000,8,105
45,0x5E000000,8,100
45,0x5F000000,8,72
45,0x2C800000,9,78
45,0x2D800000,9,82
45,0x2C000000,10,49
45,0x2C400000,10,87
45,0x2D200000,11,99
45,0x2D400000,11,97
45,0x2D600000,11,77
45,0x2D000000,12,1
45,0x2D100000,12,81
46,0x80000000,1,46
46,0x40000000,2,0
46,0x20000000,4,32
46,0x00000000,5,73
46,0x08000000,5,84
46,0x10000000,5,67
46,0x30000000,5,112
46,0x38000000,5,48
46,0x1C000000,6,72
46,0x1A000000,8,87
46,0x18800000,9,83
46,0x1B000000,9,51
46,0x1B800000,9,66
46,0x18000000,10,49
46,0x18400000,10,77
46,0x19800000,10,99
46,0x19000000,11,116
46,0x19200000,11,82
46,0x19400000,11,70
46,0x19C00000,11,69
46,0x19E00000,11,65
46,0x19600000,13,1
46,0x19680000,13,108
46,0x19700000,13,100
46,0x19780000,13,85
47,0x00000000,2,49
47,0x80000000,2,55
47,0x40000000,3,52
47,0x60000000,3,50
47,0xC0000000,3,51
47,0xE0000000,4,53
47,0xF0000000,6,54
47,0xF8000000,6,67
47,0xF4000000,7,57
47,0xF6000000,7,32
47,0xFC000000,7,56
47,0xFF000000,8,85
47,0xFE000000,10,71
47,0xFE800000,10,48
47,0xFE400000,11,1
47,0xFE600000,11,87
47,0xFEC00000,11,86
47,0xFEE00000,11,83
48,0x00000000,2,54
48,0x40000000,2,32
48,0xC0000000,2,48
48,0x90000000,4,112
48,0xA0000000,4,0
48,0x80000000,5,49
48,0x88000000,5,97
48,0xB8000000,5,55
48,0xB0000000,7,45
48,0xB4000000,7,115
48,0xB3000000,8,52
48,0xB6000000,8,116
48,0xB7800000,9,37
48,0xB2000000,10,56
48,0xB2400000,10,58
48,0xB2800000,10,53
48,0xB2C00000,10,50
48,0xB7000000,10,47
48,0xB7600000,11,85
48,0xB7500000,12,44
48,0xB7400000,13,46
48,0xB7480000,14,1
48,0xB74C0000,14,108
49,0x40000000,2,0
49,0x00000000,3,46
49,0xA0000000,3,48
49,0xE0000000,3,49
49,0x20000000,4,50
49,0x30000000,4,32
49,0xD0000000,4,47
49,0x90000000,5,56
49,0xC0000000,5,51
49,0x80000000,6,53
49,0x84000000,6,115
49,0x88000000,6,54
49,0x8C000000,6,58
49,0x98000000,6,39
49,0xC8000000,6,88
49,0xCC000000,6,57
49,0x9E000000,7,52
49,0x9D000000,8,45
49,0x9C800000,9,55
49,0x9C000000,10,41
49,0x9C400000,11,1
49,0x9C600000,11,44
50,0x00000000,1,48
50,0xC0000000,2,52
50,0xA0000000,3,0
50,0x90000000,4,32
50,0x80000000,5,58
50,0x8A000000,7,53
50,0x8E000000,7,47
50,0x88000000,8,46
50,0x89000000,8,49
50,0x8C000000,8,87
50,0x8D800000,9,55
50,0x8D200000,11,51
50,0x8D600000,11,90
50,0x8D000000,12,110
50,0x8D100000,12,54
50,0x8D500000,12,39
50,0x8D400000,13,1
50,0x8D480000,13,115
51,0x00000000,1,32
51,0x80000000,2,0
51,0xC0000000,4,114
51,0xD0000000,4,47
51,0xF0000000,4,66
51,0xE0000000,5,48
51,0xE8000000,7,58
51,0xEC000000,7,45
51,0xEA000000,8,49
51,0xEB000000,8,56
51,0xEF000000,8,52
51,0xEE000000,10,54
51,0xEEC00000,10,57
51,0xEE600000,11,116
51,0xEE800000,11,51
51,0xEE400000,12,1
51,0xEE500000,12,101
51,0xEEA00000,12,55
51,0xEEB00000,12,53
52,0x00000000,1,0
52,0xC0000000,2,32
52,0x90000000,4,58
52,0xB0000000,4,47
52,0x88000000,5,56
52,0xA8000000,5,46
52,0x80000000,6,57
52,0xA0000000,6,48
52,0xA4000000,7,77
52,0x85000000,8,73
52,0x86000000,8,41
52,0xA6000000,8,82
52,0xA7000000,8,45
52,0x84000000,9,87
52,0x87000000,9,80
52,0x87800000,9,53
52,0x84C00000,10,50
52,0x84800000,11,1
52,0x84A00000,11,39
53,0x00000000,1,0
53,0xC0000000,2,32
53,0xA0000000,3,48
53,0x90000000,4,47
53,0x84000000,6,45
53,0x8C000000,6,58
53,0x82000000,7,116
53,0x88000000,7,51
53,0x8A000000,7,49
53,0x80000000,8,1
53,0x81000000,8,97
54,0x00000000,2,0
54,0x40000000,2,32
54,0x80000000,2,48
54,0xE0000000,3,58
54,0xC8000000,5,46
54,0xD8000000,5,105
54,0xC0000000,6,45
54,0xD4000000,6,97
54,0xC6000000,7,52
54,0xD0000000,7,56
54,0xD2000000,7,47
54,0xC4000000,8,54
54,0xC5800000,9,57
54,0xC5000000,10,51
54,0xC5400000,11,1
54,0xC5600000,11,116
55,0x80000000,1,0
55,0x40000000,2,32
55,0x00000000,3,48
55,0x30000000,4,46
55,0x28000000,5,47
55,0x20000000,7,49
55,0x24000000,7,53
55,0x22000000,8,1
55,0x23000000,8,52
55,0x26000000,8,51
55,0x27000000,8,50
56,0x80000000,1,32
56,0x00000000,2,48
56,0x40000000,3,58
56,0x68000000,5,0
56,0x60000000,6,116
56,0x64000000,6,112
56,0x74000000,6,56
56,0x78000000,6,46
56,0x7C000000,6,54
56,0x70000000,7,53
56,0x72000000,8,57
56,0x73000000,9,77
56,0x73800000,10,70
56,0x73C00000,11,1
56,0x73E00000,11,99
57,0x00000000,1,49
57,0xC0000000,2,0
57,0x80000000,4,57
57,0xA0000000,4,46
57,0x98000000,5,48
57,0x90000000,6,32
57,0x94000000,6,56
57,0xB0000000,6,55
57,0xB4000000,6,47
57,0xB8000000,6,54
57,0xBE000000,7,58
57,0xBD000000,8,52
57,0xBC000000,9,1
57,0xBC800000,9,51
58,0x80000000,1,32
58,0x00000000,2,48
58,0x60000000,3,46
58,0x40000000,4,50
58,0x50000000,5,49
58,0x5C000000,6,51
58,0x5A000000,7,67
58,0x58000000,8,1
58,0x59000000,8,84
59,0x80000000,1,32
59,0x00000000,2,1
59,0x40000000,2,46
60,0x00000000,1,1
60,0x80000000,1,1
61,0x00000000,1,1
61,0x80000000,1,1
62,0x00000000,1,1
62,0x80000000,1,1
63,0x80000000,1,0
63,0x40000000,2,32
63,0x20000000,3,58
63,0x00000000,4,1
63,0x10000000,4,46
64,0x00000000,1,1
64,0x80000000,1,72
65,0x20000000,3,114
65,0x40000000,3,32
65,0x80000000,3,108
65,0xC0000000,3,110
65,0x00000000,4,109
65,0x70000000,4,103
65,0xF0000000,4,100
65,0x10000000,5,119
65,0x60000000,5,84
65,0x68000000,5,99
65,0xA8000000,5,116
65,0xB0000000,5,102
65,0xB8000000,5,105
65,0xE0000000,5,115
65,0x18000000,6,117
65,0x1C000000,6,0
65,0xA4000000,6,82
65,0xE8000000,6,98
65,0xA2000000,7,118
65,0xEC000000,7,112
65,0xA0000000,8,83
65,0xEE000000,8,77
65,0xA1800000,9,80
65,0xEF800000,9,46
65,0xA1000000,11,101
65,0xA1200000,11,66
65,0xA1400000,11,49
65,0xEF600000,11,45
65,0xA1600000,12,107
65,0xA1700000,12,104
65,0xEF000000,12,97
65,0xEF400000,12,121
65,0xEF500000,12,42
65,0xEF100000,13,120
65,0xEF180000,13,39
65,0xEF200000,13,78
65,0xEF300000,13,50
65,0xEF280000,14,58
65,0xEF3C0000,14,122
65,0xEF2C0000,15,76
65,0xEF2E0000,15,70
65,0xEF380000,15,68
65,0xEF3A0000,16,1
65,0xEF3B0000,16,113
66,0x00000000,2,67
66,0x40000000,2,66
66,0xA0000000,3,114
66,0x90000000,4,105
66,0xC0000000,4,111
66,0xD0000000,4,117
66,0xE0000000,4,97
66,0xF0000000,4,101
66,0x88000000,5,108
66,0x80000000,7,0
66,0x84000000,7,121
66,0x82000000,8,79
66,0x86000000,8,51
66,0x83800000,9,65
66,0x87000000,9,83
66,0x83400000,10,58
66,0x83000000,11,46
66,0x83200000,11,119
66,0x87A00000,11,104
66,0x87C00000,11,42
66,0x87E00000,11,32
66,0x87900000,12,82
66,0x87800000,13,39
66,0x878C0000,14,84
66,0x87880000,15,1
66,0x878A0000,15,52
67,0x00000000,2,111
67,0x40000000,2,32
67,0x80000000,3,108
67,0xC0000000,3,104
67,0xA0000000,4,114
67,0xE0000000,4,97
67,0xB0000000,5,105
67,0xB8000000,5,101
67,0xF0000000,6,117
67,0xF4000000,6,66
67,0xF8000000,7,121
67,0xFC000000,7,33
67,0xFB000000,8,46
67,0xFA000000,9,119
67,0xFE000000,9,0
67,0xFF000000,9,83
67,0xFF800000,9,84
67,0xFAC00000,10,50
67,0xFEC00000,10,73
67,0xFA800000,11,52
67,0xFAA00000,11,42
67,0xFEA00000,11,68
67,0xFE800000,12,85
67,0xFE900000,13,39
67,0xFE980000,14,110
67,0xFE9C0000,15,122
67,0xFE9E0000,17,79
67,0xFE9E8000,17,69
67,0xFE9F0000,17,65
67,0xFE9F8000,18,1
67,0xFE9FC000,18,115
68,0x40000000,2,111
68,0x80000000,2,97
68,0x00000000,3,114
68,0xC0000000,3,101
68,0xE0000000,3,105
68,0x20000000,5,116
68,0x38000000,5,117
68,0x2C000000,6,32
68,0x2A000000,7,74
68,0x30000000,7,121
68,0x34000000,7,0
68,0x36000000,7,73
68,0x33000000,8,58
68,0x28800000,9,42
68,0x29000000,9,45
68,0x29800000,9,38
68,0x32000000,9,39
68,0x28000000,10,65
68,0x28400000,10,104
68,0x32A00000,11,78
68,0x32C00000,11,86
68,0x32E00000,12,68
68,0x32F00000,12,119
68,0x32800000,13,79
68,0x32880000,13,69
68,0x32980000,13,100
68,0x32900000,14,1
68,0x32940000,14,84
69,0x00000000,2,109
69,0x60000000,3,118
69,0xA0000000,3,110
69,0xE0000000,3,97
69,0x40000000,4,69
69,0x80000000,4,0
69,0xD0000000,4,120
69,0x98000000,5,100
69,0xC8000000,5,108
69,0x50000000,6,52
69,0x54000000,6,121
69,0x58000000,6,117
69,0x90000000,6,114
69,0xC0000000,6,105
69,0x5E000000,7,115
69,0x94000000,7,70
69,0xC4000000,7,88
69,0x96000000,8,82
69,0xC7000000,8,32
69,0x5D000000,9,103
69,0x97800000,9,58
69,0xC6000000,9,84
69,0xC6800000,9,39
69,0x5C400000,10,99
69,0x5CC00000,10,113
69,0x5D800000,10,101
69,0x5DC00000,10,67
69,0x97000000,10,112
69,0x5C000000,11,45
69,0x5CA00000,11,90
69,0x97600000,11,116
69,0x5C200000,12,83
69,0x5C300000,12,46
69,0x97500000,12,87
69,0x5C800000,13,33
69,0x97400000,13,111
69,0x5C880000,14,102
69,0x5C8C0000,14,85
69,0x5C900000,14,78
69,0x5C940000,14,77
69,0x5C980000,14,76
69,0x5C9C0000,14,65
69,0x974C0000,14,68
69,0x97480000,15,1
69,0x974A0000,15,119
70,0x00000000,2,105
70,0x80000000,2,97
70,0x60000000,3,114
70,0xC0000000,3,117
70,0xE0000000,3,111
70,0x40000000,4,101
70,0x58000000,5,108
70,0x50000000,7,65
70,0x54000000,7,79
70,0x52000000,8,32
70,0x53000000,9,104
70,0x53800000,9,116
70,0x56800000,9,102
70,0x57800000,9,76
70,0x56400000,10,0
70,0x57000000,11,106
70,0x57200000,11,73
70,0x57400000,11,46
70,0x57600000,11,49
70,0x56000000,12,77
70,0x56200000,12,42
70,0x56300000,12,75
70,0x56100000,13,121
70,0x561C0000,14,72
70,0x56180000,15,1
70,0x561A0000,15,33
71,0x80000000,2,114
71,0x20000000,3,77
71,0x40000000,3,97
71,0x60000000,3,111
71,0xC0000000,3,105
71,0xE0000000,3,101
71,0x08000000,5,117
71,0x10000000,5,88
71,0x04000000,6,104
71,0x1C000000,6,108
71,0x02000000,7,121
71,0x18000000,7,119
71,0x00000000,8,58
71,0x1B000000,8,67
71,0x01800000,9,0
71,0x1A000000,9,45
71,0x1A800000,10,80
71,0x1AC00000,10,32
71,0x01000000,11,39
71,0x01400000,11,65
71,0x01200000,12,85
71,0x01600000,12,84
71,0x01700000,12,52
71,0x01300000,13,1
71,0x01380000,13,89
72,0x00000000,1,111
72,0x80000000,3,97
72,0xA0000000,3,105
72,0xC0000000,3,101
72,0xE0000000,4,117
72,0xF0000000,5,82
72,0xF8000000,6,65
72,0xFC000000,7,46
72,0xFE800000,9,121
72,0xFF000000,9,83
72,0xFF800000,10,69
72,0xFFC00000,10,114
72,0xFE000000,11,0
72,0xFE400000,11,76
72,0xFE600000,11,77
72,0xFE300000,12,119
72,0xFE280000,13,68
72,0xFE200000,14,1
72,0xFE240000,14,73
73,0x00000000,1,84
73,0x80000000,3,115
73,0xA0000000,3,110
73,0xD0000000,4,116
73,0xC8000000,5,32
73,0xE8000000,5,39
73,0xF8000000,5,114
73,0xC0000000,6,73
73,0xC4000000,6,0
73,0xE4000000,6,109
73,0xE0000000,7,100
73,0xE2000000,7,78
73,0xF2000000,7,122
73,0xF4000000,7,46
73,0xF0000000,8,97
73,0xF1000000,8,89
73,0xF6000000,9,83
73,0xF7000000,9,99
73,0xF6A00000,11,68
73,0xF6C00000,11,102
73,0xF7800000,11,108
73,0xF7E00000,11,121
73,0xF6800000,12,86
73,0xF6E00000,12,111
73,0xF7B00000,12,70
73,0xF6900000,13,44
73,0xF6980000,13,65
73,0xF6F00000,13,79
73,0xF7A80000,13,103
73,0xF7C00000,13,67
73,0xF7C80000,13,58
73,0xF7D80000,13,118
73,0xF6F80000,14,112
73,0xF6FC0000,14,69
73,0xF7A00000,14,66
73,0xF7D00000,14,107
73,0xF7D40000,14,98
73,0xF7A40000,16,1
73,0xF7A50000,16,82
73,0xF7A60000,16,76
73,0xF7A70000,16,71
74,0x00000000,2,97
74,0x40000000,2,117
74,0xC0000000,2,101
74,0xA0000000,3,111
74,0x90000000,4,105
74,0x80000000,5,32
74,0x88000000,6,75
74,0x8E000000,7,0
74,0x8C800000,9,115
74,0x8D000000,9,70
74,0x8C000000,10,86
74,0x8C400000,10,39
74,0x8DC00000,10,102
74,0x8DA00000,11,71
74,0x8D800000,12,1
74,0x8D900000,12,68
75,0x40000000,2,105
75,0xC0000000,2,121
75,0x20000000,3,101
75,0xA0000000,3,32
75,0x00000000,4,97
75,0x80000000,4,111
75,0x10000000,5,0
75,0x18000000,5,114
75,0x94000000,6,116
75,0x98000000,6,110
75,0x9C000000,6,83
75,0x93000000,8,71
75,0x90000000,9,45
75,0x91800000,9,79
75,0x92000000,9,104
75,0x92800000,9,119
75,0x90800000,10,49
75,0x90C00000,10,39
75,0x91600000,11,117
75,0x91000000,12,84
75,0x91100000,12,78
75,0x91200000,12,58
75,0x91300000,12,46
75,0x91400000,12,44
75,0x91500000,13,1
75,0x91580000,13,108
76,0x00000000,2,97
76,0x80000000,2,111
76,0xC0000000,2,105
76,0x40000000,3,101
76,0x70000000,4,117
76,0x68000000,5,75
76,0x60000000,7,108
76,0x64000000,7,65
76,0x66000000,7,32
76,0x63000000,8,121
76,0x62000000,10,76
76,0x62400000,10,73
76,0x62800000,11,67
76,0x62A00000,11,46
76,0x62E00000,11,0
76,0x62D00000,12,39
76,0x62C00000,13,69
76,0x62C80000,14,1
76,0x62CC0000,14,89
77,0x40000000,2,97
77,0x80000000,2,111
77,0x00000000,3,101
77,0xE0000000,3,105
77,0x20000000,4,84
77,0xC0000000,4,121
77,0xD0000000,4,117
77,0x30000000,5,0
77,0x3C000000,6,99
77,0x39000000,8,114
77,0x3A000000,8,69
77,0x3B800000,9,70
77,0x38400000,10,90
77,0x38C00000,10,32
77,0x3B000000,10,49
77,0x3B400000,10,73
77,0x38200000,11,104
77,0x38800000,11,67
77,0x38100000,12,81
77,0x38A00000,12,75
77,0x38B00000,13,80
77,0x38000000,14,58
77,0x38040000,14,46
77,0x38080000,14,39
77,0x38B80000,14,77
77,0x380C0000,15,1
77,0x380E0000,15,119
77,0x38BC0000,15,83
77,0x38BE0000,15,82
78,0x80000000,1,101
78,0x00000000,2,111
78,0x60000000,3,105
78,0x50000000,4,97
78,0x48000000,5,117
78,0x40000000,6,67
78,0x44000000,8,69
78,0x46000000,8,70
78,0x47000000,9,66
78,0x47800000,9,72
78,0x45800000,10,89
78,0x45000000,11,71
78,0x45200000,11,39
78,0x45600000,11,73
78,0x45C00000,11,65
78,0x45400000,12,77
78,0x45E00000,12,32
78,0x45F00000,12,0
78,0x45500000,13,84
78,0x45580000,14,46
78,0x455C0000,15,1
78,0x455E0000,15,90
79,0x00000000,3,39
79,0x40000000,3,102
79,0xC0000000,3,117
79,0xE0000000,3,110
79,0x20000000,4,77
79,0x30000000,4,108
79,0x90000000,4,109
79,0x68000000,5,114
79,0x70000000,5,100
79,0x80000000,5,112
79,0xA0000000,5,104
79,0xB0000000,5,0
79,0x64000000,6,83
79,0x78000000,6,122
79,0x7C000000,6,98
79,0x8C000000,6,118
79,0xA8000000,6,119
79,0xAC000000,6,85
79,0xB8000000,7,84
79,0xBA000000,7,79
79,0xBC000000,7,75
79,0x61000000,8,67
79,0x62000000,8,120
79,0x63000000,8,46
79,0x89000000,8,116
79,0x8B000000,8,32
79,0xBE000000,8,115
79,0xBF000000,8,78
79,0x60800000,9,103
79,0x88000000,9,45
79,0x8A800000,9,97
79,0x88800000,10,105
79,0x88C00000,10,101
79,0x8A400000,10,111
79,0x60000000,11,65
79,0x60200000,11,106
79,0x60400000,11,99
79,0x8A000000,11,50
79,0x60700000,12,82
79,0x8A200000,12,80
79,0x8A300000,12,58
79,0x60600000,13,69
79,0x60680000,14,1
79,0x606C0000,14,76
80,0x40000000,2,114
80,0x80000000,2,108
80,0x00000000,3,101
80,0x20000000,3,97
80,0xE0000000,3,111
80,0xD0000000,4,105
80,0xC0000000,6,68
80,0xC4000000,6,117
80,0xCC000000,6,104
80,0xC8000000,8,32
80,0xCA000000,8,50
80,0xC9000000,9,72
80,0xC9800000,9,77
80,0xCB000000,9,83
80,0xCB800000,11,58
80,0xCBA00000,11,42
80,0xCBD00000,12,115
80,0xCBC80000,13,73
80,0xCBE00000,13,0
80,0xCBE80000,13,71
80,0xCBF00000,13,39
80,0xCBF80000,14,121
80,0xCBC00000,15,89
80,0xCBC20000,15,76
80,0xCBC40000,15,67
80,0xCBC60000,15,1
80,0xCBFC0000,15,79
80,0xCBFE0000,15,46
81,0x80000000,1,117
81,0x00000000,3,73
81,0x20000000,3,0
81,0x40000000,3,86
81,0x70000000,4,32
81,0x68000000,5,67
81,0x60000000,6,1
81,0x64000000,6,39
82,0x00000000,2,97
82,0x40000000,2,111
82,0xC0000000,2,101
82,0x80000000,3,105
82,0xB0000000,4,117
82,0xA8000000,5,69
82,0xA0000000,6,68
82,0xA6000000,7,0
82,0xA5000000,8,104
82,0xA4000000,10,73
82,0xA4800000,10,121
82,0xA4C00000,10,110
82,0xA4600000,12,32
82,0xA4400000,13,39
82,0xA4580000,13,83
82,0xA4700000,13,78
82,0xA4480000,14,66
82,0xA44C0000,14,46
82,0xA4500000,14,38
82,0xA4780000,14,84
82,0xA47C0000,14,49
82,0xA4540000,15,1
82,0xA4560000,15,67
83,0x20000000,3,111
83,0x40000000,3,112
83,0x60000000,3,117
83,0xC0000000,3,104
83,0xE0000000,3,116
83,0x10000000,4,97
83,0x90000000,4,101
83,0xB0000000,4,99
83,0x00000000,5,110
83,0x88000000,5,105
83,0xA8000000,5,107
83,0x0C000000,6,119
83,0xA0000000,6,109
83,0x0A000000,7,65
83,0x84000000,7,108
83,0xA4000000,7,113
83,0xA6000000,7,77
83,0x08000000,8,50
83,0x09000000,8,80
83,0x80000000,8,79
83,0x82000000,8,73
83,0x83000000,8,32
83,0x87000000,8,0
83,0x81000000,9,121
83,0x86000000,9,69
83,0x81C00000,10,63
83,0x86C00000,10,72
83,0x81800000,11,66
83,0x86800000,11,103
83,0x81B00000,12,114
83,0x86A00000,12,42
83,0x86B00000,13,51
83,0x86B80000,13,46
83,0x81A00000,14,53
83,0x81A80000,14,58
83,0x81AC0000,14,49
83,0x81A40000,15,67
83,0x81A60000,16,1
83,0x81A70000,16,89
84,0x00000000,1,104
84,0xA0000000,3,111
84,0xE0000000,3,86
84,0x80000000,4,101
84,0x90000000,4,114
84,0xC0000000,5,97
84,0xD0000000,5,119
84,0xCC000000,6,105
84,0xDA000000,7,79
84,0xDE000000,7,72
84,0xC9000000,8,121
84,0xCA000000,8,77
84,0xD8000000,8,46
84,0xDC000000,8,117
84,0xDD000000,8,87
84,0xC8800000,9,80
84,0xCB000000,9,58
84,0xCB800000,9,52
84,0xD9800000,9,73
84,0xD9000000,10,32
84,0xD9400000,10,0
84,0xC8400000,11,88
84,0xC8600000,11,115
84,0xC8000000,12,84
84,0xC8100000,12,83
84,0xC8200000,12,66
84,0xC8300000,13,85
84,0xC8380000,14,65
84,0xC83C0000,16,67
84,0xC83D0000,16,42
84,0xC83F0000,16,78
84,0xC83E0000,17,1
84,0xC83E8000,17,89
85,0x00000000,1,110
85,0x80000000,2,112
85,0xD0000000,4,75
85,0xF0000000,4,108
85,0xC0000000,5,82
85,0xE0000000,5,83
85,0xCC000000,6,69
85,0xEC000000,6,115
85,0xCA000000,7,103
85,0xEA000000,7,84
85,0xC9000000,8,32
85,0xC8000000,9,45
85,0xC8800000,9,114
85,0xE8000000,9,50
85,0xE8800000,9,109
85,0xE9800000,9,0
85,0xE9000000,10,46
85,0xE9400000,11,99
85,0xE9600000,12,107
85,0xE9700000,14,1
85,0xE9740000,14,122
85,0xE9780000,14,116
85,0xE97C0000,14,66
86,0x80000000,1,32
86,0x00000000,3,58
86,0x60000000,3,105
86,0x20000000,4,101
86,0x30000000,4,97
86,0x40000000,4,51
86,0x54000000,6,67
86,0x5C000000,6,0
86,0x50000000,7,39
86,0x52000000,7,52
86,0x5A000000,7,111
86,0x59000000,8,73
86,0x58000000,10,115
86,0x58400000,10,68
86,0x58800000,10,46
86,0x58C00000,11,56
86,0x58E80000,13,117
86,0x58F00000,13,114
86,0x58F80000,13,66
86,0x58E00000,14,1
86,0x58E40000,14,69
87,0x40000000,2,111
87,0xC0000000,2,101
87,0x20000000,3,104
87,0x80000000,3,97
87,0xA0000000,3,105
87,0x00000000,5,46
87,0x10000000,5,79
87,0x18000000,5,114
87,0x0C000000,6,121
87,0x08000000,7,117
87,0x0A000000,8,0
87,0x0B800000,9,65
87,0x0B200000,11,89
87,0x0B400000,11,84
87,0x0B600000,11,32
87,0x0B000000,12,73
87,0x0B100000,13,1
87,0x0B180000,13,108
88,0x00000000,2,0
88,0x80000000,2,32
88,0xC0000000,2,116
88,0x40000000,3,84
88,0x70000000,4,99
88,0x68000000,5,109
88,0x64000000,6,85
88,0x60000000,8,97
88,0x61000000,8,88
88,0x62000000,8,45
88,0x63000000,9,120
88,0x63C00000,10,57
88,0x63800000,11,1
88,0x63A00000,11,105
89,0x80000000,1,111
89,0x40000000,2,101
89,0x00000000,3,117
89,0x30000000,4,32
89,0x20000000,5,118
89,0x28000000,6,97
89,0x2E000000,8,80
89,0x2F000000,8,39
89,0x2C000000,9,110
89,0x2D800000,9,114
89,0x2C800000,10,68
89,0x2CC00000,11,119
89,0x2CE00000,11,115
89,0x2D000000,11,82
89,0x2D200000,11,76
89,0x2D400000,11,0
89,0x2D600000,12,67
89,0x2D700000,13,1
89,0x2D780000,13,78
90,0x80000000,1,111
90,0x00000000,2,97
90,0x40000000,3,105
90,0x60000000,5,79
90,0x68000000,5,117
90,0x70000000,5,101
90,0x78000000,6,32
90,0x7E000000,7,0
90,0x7D000000,8,58
90,0x7C000000,9,1
90,0x7C800000,9,45
91,0x00000000,1,1
91,0x80000000,1,1
92,0x00000000,1,1
92,0x80000000,1,120
93,0x00000000,1,1
93,0x80000000,1,1
94,0x00000000,1,1
94,0x80000000,1,1
95,0x00000000,1,1
95,0x80000000,1,1
96,0x00000000,1,1
96,0x80000000,1,1
97,0x20000000,3,114
97,0x60000000,3,116
97,0x80000000,3,108
97,0xC0000000,3,110
97,0x10000000,4,109
97,0x40000000,4,99
97,0xA0000000,4,115
97,0xE0000000,4,121
97,0xB0000000,5,32
97,0xB8000000,5,100
97,0xF0000000,5,105
97,0xF8000000,5,107
97,0x08000000,6,98
97,0x0C000000,6,0
97,0x58000000,6,112
97,0x5C000000,6,103
97,0x00000000,7,101
97,0x02000000,7,39
97,0x06000000,7,119
97,0x52000000,7,117
97,0x54000000,7,122
97,0x56000000,7,118
97,0x05000000,8,102
97,0x51000000,8,104
97,0x04800000,9,58
97,0x04000000,10,33
97,0x50000000,10,111
97,0x50400000,10,120
97,0x04400000,11,45
97,0x04600000,11,97
97,0x50A00000,11,46
97,0x50C00000,11,78
97,0x50E00000,11,44
97,0x50800000,12,113
97,0x50900000,13,106
97,0x509C0000,14,63
97,0x509A0000,15,74
97,0x50980000,16,1
97,0x50990000,16,85
98,0x00000000,3,114
98,0x20000000,3,111
98,0x40000000,3,101
98,0x60000000,3,97
98,0x80000000,3,105
98,0xB0000000,4,117
98,0xC0000000,4,121
98,0xD0000000,4,108
98,0xF0000000,4,32
98,0xA8000000,5,115
98,0xE0000000,5,98
98,0xE8000000,5,0
98,0xA0000000,6,104
98,0xA4000000,7,51
98,0xA7000000,8,39
98,0xA6400000,10,116
98,0xA6800000,10,106
98,0xA6000000,11,110
98,0xA6200000,11,100
98,0xA6E00000,11,119
98,0xA6D00000,12,109
98,0xA6C80000,13,46
98,0xA6C00000,14,1
98,0xA6C40000,14,58
99,0x00000000,2,107
99,0x40000000,3,111
99,0x80000000,3,104
99,0xC0000000,3,116
99,0xE0000000,3,101
99,0x70000000,4,114
99,0xA0000000,5,32
99,0xB0000000,5,105
99,0xB8000000,5,97
99,0x60000000,6,108
99,0x64000000,6,121
99,0x68000000,6,115
99,0x6C000000,6,0
99,0xA8000000,7,99
99,0xAE000000,7,117
99,0xAA000000,8,58
99,0xAB000000,8,80
99,0xAC800000,9,68
99,0xAD000000,10,71
99,0xAD800000,10,98
99,0xAC000000,11,76
99,0xAC200000,11,75
99,0xAC600000,11,65
99,0xAD400000,11,113
99,0xADC00000,11,46
99,0xADE00000,11,67
99,0xAC400000,12,110
99,0xAC500000,12,39
99,0xAD600000,13,66
99,0xAD680000,13,73
99,0xAD740000,14,102
99,0xAD780000,14,56
99,0xAD700000,15,77
99,0xAD720000,15,1
99,0xAD7E0000,15,70
99,0xAD7C0000,16,119
99,0xAD7D0000,16,81
100,0xC0000000,2,32
100,0x20000000,3,101
100,0x80000000,3,0
100,0xA0000000,3,97
100,0x10000000,4,121
100,0x40000000,4,105
100,0x60000000,4,115
100,0x00000000,5,111
100,0x50000000,5,100
100,0x0C000000,6,117
100,0x58000000,6,114
100,0x5C000000,6,108
100,0x74000000,6,118
100,0x78000000,6,103
100,0x08000000,7,39
100,0x7E000000,7,46
100,0x0A000000,8,58
100,0x0B000000,8,104
100,0x70000000,8,99
100,0x72000000,8,110
100,0x73000000,8,119
100,0x71000000,9,63
100,0x7C000000,9,33
100,0x7C800000,9,45
100,0x7D000000,9,102
100,0x71C00000,10,109
100,0x7D800000,10,44
100,0x7DC00000,11,116
100,0x7DE00000,11,98
100,0x71900000,12,41
100,0x71A00000,12,47
100,0x71B00000,12,107
100,0x71880000,13,112
100,0x71840000,14,122
100,0x71800000,15,1
100,0x71820000,15,52
101,0x40000000,2,32
101,0x00000000,3,115
101,0xA0000000,3,114
101,0x20000000,4,116
101,0x90000000,4,110
101,0xC0000000,4,0
101,0xE0000000,4,97
101,0xF0000000,4,119
101,0x80000000,5,108
101,0xD8000000,5,101
101,0x38000000,6,109
101,0x88000000,6,99
101,0x8C000000,6,100
101,0x34000000,7,105
101,0x36000000,7,112
101,0x3C000000,7,98
101,0xD0000000,7,118
101,0xD6000000,7,121
101,0x30000000,8,103
101,0x31000000,8,102
101,0x32000000,8,120
101,0x3E000000,8,107
101,0x3F000000,8,58
101,0xD3000000,8,111
101,0xD4000000,8,39
101,0x33800000,9,104
101,0xD2800000,9,46
101,0x33000000,10,80
101,0x33400000,10,66
101,0xD2000000,10,44
101,0xD5000000,10,86
101,0xD5400000,10,122
101,0xD5C00000,10,106
101,0xD2400000,11,52
101,0xD2600000,11,63
101,0xD5A00000,11,117
101,0xD5900000,12,45
101,0xD5880000,13,33
101,0xD5840000,14,113
101,0xD5820000,15,71
101,0xD5800000,16,1
101,0xD5810000,16,83
102,0x00000000,1,32
102,0xA0000000,3,111
102,0x90000000,4,116
102,0xC0000000,4,97
102,0xD0000000,4,105
102,0xF0000000,4,101
102,0x80000000,5,46
102,0xE0000000,5,114
102,0xE8000000,5,102
102,0x88000000,6,0
102,0x8D000000,8,121
102,0x8F000000,8,117
102,0x8C000000,9,39
102,0x8E800000,9,108
102,0x8CC00000,10,110
102,0x8E000000,10,103
102,0x8C800000,11,99
102,0x8E400000,11,45
102,0x8CA00000,12,44
102,0x8CB00000,12,115
102,0x8E700000,12,58
102,0x8E680000,13,107
102,0x8E600000,14,1
102,0x8E640000,14,98
103,0x00000000,2,104
103,0x80000000,2,32
103,0x40000000,3,0
103,0x60000000,3,101
103,0xC0000000,4,105
103,0xE0000000,5,58
103,0xE8000000,5,114
103,0xF8000000,5,97
103,0xD0000000,6,115
103,0xDC000000,6,108
103,0xF4000000,6,117
103,0xD6000000,7,98
103,0xD8000000,7,103
103,0xDA000000,7,111
103,0xF2000000,7,110
103,0xD4000000,8,50
103,0xF0000000,8,33
103,0xF1800000,9,100
103,0xD5000000,10,46
103,0xD5400000,10,44
103,0xD5800000,10,39
103,0xD5C00000,10,116
103,0xF1400000,10,121
103,0xF1000000,11,119
103,0xF1300000,12,109
103,0xF12C0000,14,63
103,0xF1200000,15,112
103,0xF1220000,15,102
103,0xF1240000,15,64
103,0xF1260000,15,45
103,0xF12A0000,15,59
103,0xF1280000,16,1
103,0xF1290000,16,122
104,0x00000000,1,101
104,0xA0000000,3,111
104,0x90000000,4,105
104,0xC0000000,4,97
104,0xE0000000,4,32
104,0xF0000000,4,116
104,0xD0000000,5,114
104,0xD8000000,5,0
104,0x80000000,6,98
104,0x84000000,6,117
104,0x88000000,8,119
104,0x89000000,8,100
104,0x8A000000,8,110
104,0x8B000000,8,121
104,0x8C000000,8,33
104,0x8D000000,8,108
104,0x8F000000,8,46
104,0x8E000000,9,39
104,0x8E800000,10,115
104,0x8EC00000,11,109
104,0x8EF00000,12,58
104,0x8EE00000,14,102
104,0x8EE40000,14,63
104,0x8EE80000,14,99
104,0x8EEC0000,16,118
104,0x8EED0000,16,113
104,0x8EEE0000,16,103
104,0x8EEF0000,18,104
104,0x8EEF4000,18,1
104,0x8EEF8000,18,44
104,0x8EEFC000,18,42
105,0x40000000,2,110
105,0x00000000,3,99
105,0x90000000,4,111
105,0xA0000000,4,108
105,0xC0000000,4,103
105,0xD0000000,4,115
105,0xE0000000,4,116
105,0xF0000000,4,101
105,0x28000000,5,97
105,0x30000000,5,118
105,0x80000000,5,114
105,0x88000000,5,100
105,0xB0000000,5,109
105,0x20000000,6,112
105,0x38000000,6,32
105,0xBC000000,6,102
105,0x3C000000,7,122
105,0x3E000000,7,0
105,0xB8000000,7,98
105,0xBA000000,7,107
105,0x25000000,8,45
105,0x26000000,8,120
105,0x24800000,9,39
105,0x27800000,9,113
105,0x27000000,10,117
105,0x27400000,10,105
105,0x24200000,11,104
105,0x24400000,11,58
105,0x24600000,11,119
105,0x24080000,13,44
105,0x24100000,13,121
105,0x24180000,13,47
105,0x24000000,14,46
105,0x24040000,15,1
105,0x24060000,15,106
106,0x00000000,1,121
106,0xC0000000,2,111
106,0xA0000000,3,101
106,0x90000000,4,97
106,0x88000000,5,117
106,0x84000000,6,105
106,0x80000000,7,0
106,0x82000000,8,1
106,0x83000000,8,32
107,0x00000000,2,32
107,0x80000000,2,101
107,0x40000000,3,105
107,0xC0000000,3,0
107,0x60000000,4,121
107,0x70000000,4,115
107,0xF0000000,4,102
107,0xE4000000,6,97
107,0xE8000000,6,108
107,0xE2000000,7,58
107,0xEC000000,7,107
107,0xE0000000,8,39
107,0xEF000000,8,46
107,0xE1800000,9,119
107,0xEE000000,9,111
107,0xE1400000,10,104
107,0xE1000000,11,98
107,0xE1200000,11,44
107,0xEEE00000,11,110
107,0xEEA00000,12,63
107,0xEEC00000,12,109
107,0xEED00000,12,33
107,0xEE900000,13,117
107,0xEE980000,13,99
107,0xEEB00000,13,100
107,0xEEB80000,13,116
107,0xEE840000,14,106
107,0xEE880000,14,45
107,0xEE800000,15,112
107,0xEE820000,15,47
107,0xEE8E0000,15,83
107,0xEE8C0000,16,1
107,0xEE8D0000,16,114
108,0x40000000,2,101
108,0x00000000,3,108
108,0xA0000000,3,97
108,0x30000000,4,121
108,0x80000000,4,0
108,0x90000000,4,100
108,0xC0000000,4,111
108,0xE0000000,4,105
108,0xF0000000,4,32
108,0x20000000,5,117
108,0xD0000000,5,115
108,0x28000000,6,116
108,0x2C000000,6,109
108,0xDA000000,7,107
108,0xD8000000,8,102
108,0xDC000000,8,98
108,0xDE000000,8,39
108,0xDF000000,8,99
108,0xD9800000,9,118
108,0xDD000000,9,58
108,0xD9400000,10,46
108,0xDD800000,10,119
108,0xD9000000,11,122
108,0xDDE00000,11,112
108,0xD9200000,12,104
108,0xD9300000,12,42
108,0xDDC00000,13,103
108,0xDDC80000,13,44
108,0xDDD00000,14,114
108,0xDDD40000,14,110
108,0xDDDC0000,14,45
108,0xDDD80000,15,33
108,0xDDDB0000,16,63
108,0xDDDA8000,17,67
108,0xDDDA0000,18,1
108,0xDDDA4000,18,106
109,0x80000000,2,101
109,0x20000000,3,109
109,0x60000000,3,32
109,0xE0000000,3,97
109,0x00000000,4,105
109,0x10000000,4,0
109,0x40000000,4,121
109,0xD0000000,4,112
109,0x50000000,5,98
109,0xC0000000,5,111
109,0xC8000000,6,110
109,0xCC000000,6,115
109,0x58000000,7,108
109,0x5C000000,7,102
109,0x5A000000,8,58
109,0x5E000000,8,52
109,0x5B000000,9,104
109,0x5F000000,9,119
109,0x5BC00000,10,39
109,0x5F800000,10,114
109,0x5FC00000,10,117
109,0x5BA00000,11,46
109,0x5B900000,12,107
109,0x5B800000,13,1
109,0x5B880000,13,100
110,0x00000000,3,105
110,0x80000000,3,103
110,0xA0000000,3,32
110,0xC0000000,3,100
110,0x30000000,4,97
110,0x40000000,4,115
110,0x60000000,4,101
110,0xE0000000,4,0
110,0xF0000000,4,116
110,0x70000000,5,99
110,0x78000000,5,110
110,0x28000000,6,121
110,0x50000000,6,39
110,0x54000000,6,107
110,0x5C000000,6,111
110,0x20000000,7,114
110,0x26000000,7,102
110,0x2C000000,7,117
110,0x2E000000,7,106
110,0x22000000,8,118
110,0x24000000,8,45
110,0x25000000,8,46
110,0x58000000,8,108
110,0x5A000000,8,120
110,0x5B000000,8,58
110,0x23800000,9,44
110,0x59800000,9,109
110,0x23000000,10,33
110,0x23400000,11,122
110,0x59200000,11,63
110,0x59400000,11,104
110,0x59600000,11,98
110,0x23600000,12,66
110,0x23700000,12,42
110,0x59000000,12,119
110,0x59180000,13,113
110,0x59140000,14,112
110,0x59100000,15,59
110,0x59120000,16,47
110,0x59130000,16,1
111,0x00000000,2,114
111,0xC0000000,3,110
111,0x40000000,4,102
111,0x50000000,4,32
111,0x60000000,4,119
111,0x80000000,4,111
111,0xB0000000,4,117
111,0x78000000,5,116
111,0x90000000,5,99
111,0xA0000000,5,112
111,0xA8000000,5,100
111,0xE0000000,5,109
111,0xF0000000,5,108
111,0x70000000,6,97
111,0x74000000,6,98
111,0x98000000,6,121
111,0x9C000000,6,0
111,0xE8000000,6,115
111,0xEC000000,6,107
111,0xFA000000,7,118
111,0xFC000000,7,103
111,0xFF000000,8,105
111,0xF8800000,9,104
111,0xF9000000,9,33
111,0xFE000000,9,101
111,0xFE800000,9,106
111,0xF9800000,10,39
111,0xF8200000,11,63
111,0xF8400000,11,58
111,0xF9C00000,11,122
111,0xF9E00000,11,120
111,0xF8000000,12,74
111,0xF8600000,12,46
111,0xF8700000,12,45
111,0xF8100000,14,52
111,0xF8180000,14,44
111,0xF81C0000,14,71
111,0xF8160000,15,41
111,0xF8140000,16,83
111,0xF8150000,17,68
111,0xF8158000,18,1
111,0xF815C000,18,113
112,0x00000000,2,101
112,0x40000000,3,0
112,0x80000000,3,105
112,0xC0000000,3,111
112,0x60000000,4,115
112,0xA0000000,4,32
112,0xE0000000,4,112
112,0x70000000,5,108
112,0x78000000,5,114
112,0xB0000000,5,104
112,0xF0000000,5,97
112,0xB8000000,6,116
112,0xBC000000,6,39
112,0xF8000000,7,100
112,0xFA000000,7,109
112,0xFC000000,7,121
112,0xFE800000,9,58
112,0xFF800000,9,33
112,0xFF000000,10,119
112,0xFF400000,10,117
112,0xFE000000,11,98
112,0xFE400000,11,45
112,0xFE600000,11,46
112,0xFE300000,12,110
112,0xFE280000,13,107
112,0xFE240000,14,44
112,0xFE200000,15,1
112,0xFE220000,15,99
113,0x80000000,1,117
113,0x40000000,2,0
113,0x20000000,3,58
113,0x00000000,4,1
113,0x10000000,4,39
114,0x00000000,3,32
114,0x60000000,3,105
114,0xA0000000,3,101
114,0x30000000,4,121
114,0x40000000,4,100
114,0x80000000,4,115
114,0x90000000,4,116
114,0xC0000000,4,97
114,0xD0000000,4,0
114,0xF0000000,4,111
114,0x58000000,5,110
114,0xE8000000,5,108
114,0x24000000,6,107
114,0x28000000,6,114
114,0x2C000000,6,109
114,0x54000000,6,117
114,0xE4000000,6,103
114,0x20000000,7,39
114,0x52000000,7,99
114,0xE2000000,7,58
114,0x22000000,8,102
114,0x23000000,8,46
114,0x51000000,8,98
114,0xE0000000,8,118
114,0x50000000,9,44
114,0x50800000,9,112
114,0xE1000000,9,119
114,0xE1C00000,10,106
114,0xE1800000,11,45
114,0xE1A00000,12,104
114,0xE1B00000,13,71
114,0xE1B80000,14,113
114,0xE1BE0000,15,83
114,0xE1BC0000,16,33
114,0xE1BD0000,18,42
114,0xE1BD8000,18,84
114,0xE1BD4000,19,1
114,0xE1BD6000,19,69
114,0xE1BDC000,19,49
114,0xE1BDE000,19,47
115,0x80000000,2,32
115,0xC0000000,2,0
115,0x60000000,3,116
115,0x00000000,4,115
115,0x20000000,4,105
115,0x30000000,4,104
115,0x18000000,5,59
115,0x50000000,5,101
115,0x44000000,6,111
115,0x4C000000,6,99
115,0x58000000,6,58
115,0x10000000,7,46
115,0x12000000,7,33
115,0x16000000,7,121
115,0x40000000,7,112
115,0x48000000,7,97
115,0x5E000000,7,117
115,0x14000000,8,44
115,0x15000000,8,102
115,0x43000000,8,39
115,0x4B000000,8,110
115,0x5C000000,8,108
115,0x5D000000,8,114
115,0x42800000,9,107
115,0x4A000000,9,100
115,0x42400000,10,109
115,0x4AC00000,10,98
115,0x42000000,11,63
115,0x42200000,11,119
115,0x4A800000,11,103
115,0x4AA00000,12,113
115,0x4AB40000,14,69
115,0x4AB80000,14,45
115,0x4AB00000,15,1
115,0x4AB20000,15,41
115,0x4ABC0000,15,87
115,0x4ABE0000,15,49
116,0x00000000,3,105
116,0x60000000,3,0
116,0x80000000,3,32
116,0xE0000000,3,104
116,0x20000000,4,97
116,0x40000000,4,114
116,0xA0000000,4,115
116,0xB0000000,4,111
116,0xD0000000,4,101
116,0x38000000,5,116
116,0x50000000,5,121
116,0xC0000000,5,117
116,0x58000000,6,109
116,0xC8000000,6,99
116,0xCC000000,6,108
116,0x30000000,7,39
116,0x34000000,7,58
116,0x32000000,8,119
116,0x36000000,8,33
116,0x5C000000,8,46
116,0x5D000000,8,98
116,0x5E000000,8,69
116,0x5F000000,8,102
116,0x33000000,9,63
116,0x37000000,9,110
116,0x33800000,10,122
116,0x37800000,10,100
116,0x33E00000,11,44
116,0x37C00000,11,80
116,0x33C00000,12,118
116,0x33D00000,12,45
116,0x37E00000,12,41
116,0x37F00000,13,103
116,0x37F80000,14,1
116,0x37FC0000,15,83
116,0x37FF0000,16,52
116,0x37FE0000,17,107
116,0x37FE8000,18,106
116,0x37FEC000,18,112
117,0x00000000,2,114
117,0x80000000,3,115
117,0xE0000000,3,110
117,0x40000000,4,101
117,0x50000000,4,109
117,0xC0000000,4,116
117,0x60000000,5,99
117,0x68000000,5,103
117,0x70000000,5,98
117,0xA0000000,5,112
117,0xA8000000,5,105
117,0xB0000000,5,108
117,0xD0000000,5,100
117,0xD8000000,5,97
117,0x78000000,6,0
117,0xB8000000,6,121
117,0x7C000000,7,122
117,0xBC000000,7,32
117,0x7F000000,8,39
117,0xBE000000,8,45
117,0x7E000000,9,107
117,0xBF800000,9,58
117,0x7E800000,10,102
117,0x7EC00000,10,44
117,0xBF000000,10,119
117,0xBF400000,12,118
117,0xBF500000,12,120
117,0xBF700000,12,111
117,0xBF600000,13,106
117,0xBF680000,14,117
117,0xBF6C0000,15,46
117,0xBF6F0000,16,104
117,0xBF6E0000,17,63
117,0xBF6E8000,17,1
118,0x80000000,1,101
118,0x40000000,2,105
118,0x20000000,3,97
118,0x10000000,4,111
118,0x00000000,5,32
118,0x0C000000,6,0
118,0x08000000,7,121
118,0x0B000000,8,115
118,0x0A800000,9,114
118,0x0A000000,10,1
118,0x0A400000,10,46
119,0x00000000,1,115
119,0x80000000,3,32
119,0xC0000000,3,0
119,0xB0000000,4,105
119,0xE0000000,4,111
119,0xA0000000,5,97
119,0xF0000000,5,110
119,0xF8000000,5,101
119,0xAE000000,7,121
119,0xA8000000,8,109
119,0xAB000000,8,100
119,0xAD000000,8,108
119,0xA9800000,9,98
119,0xAA000000,9,107
119,0xAA800000,9,114
119,0xA9000000,10,106
119,0xAC400000,10,44
119,0xACC00000,10,104
119,0xA9600000,11,45
119,0xAC000000,11,99
119,0xAC200000,11,102
119,0xACA00000,11,112
119,0xA9400000,12,103
119,0xAC800000,12,116
119,0xA9500000,13,46
119,0xA9580000,13,58
119,0xAC980000,13,113
119,0xAC940000,14,39
119,0xAC920000,15,63
119,0xAC900000,16,1
119,0xAC910000,16,66
120,0x00000000,2,112
120,0x80000000,2,32
120,0xC0000000,2,116
120,0x60000000,4,0
120,0x40000000,5,111
120,0x50000000,5,99
120,0x70000000,5,105
120,0x78000000,5,109
120,0x48000000,6,101
120,0x58000000,6,121
120,0x4C000000,7,117
120,0x4E000000,7,102
120,0x5E000000,7,44
120,0x5C000000,9,103
120,0x5C800000,9,97
120,0x5D800000,9,57
120,0x5D400000,10,39
120,0x5D200000,11,120
120,0x5D000000,12,1
120,0x5D100000,12,115
121,0x00000000,1,32
121,0xC0000000,2,0
121,0x88000000,5,111
121,0x90000000,5,115
121,0xA0000000,5,97
121,0xB0000000,5,108
121,0xB8000000,5,58
121,0x98000000,6,100
121,0x82000000,7,110
121,0x84000000,7,116
121,0xA8000000,7,39
121,0xAA000000,7,98
121,0xAE000000,7,46
121,0x80000000,8,105
121,0x86000000,8,44
121,0x87000000,8,112
121,0x9C000000,8,109
121,0x9E000000,8,99
121,0xAC000000,8,119
121,0xAD000000,8,101
121,0x81000000,9,63
121,0x81800000,9,102
121,0x9D000000,9,114
121,0x9D800000,9,103
121,0x9F000000,10,122
121,0x9F800000,10,45
121,0x9FC00000,10,84
121,0x9F400000,12,50
121,0x9F600000,12,33
121,0x9F700000,12,107
121,0x9F500000,13,118
121,0x9F580000,14,121
121,0x9F5C0000,15,104
121,0x9F5F0000,16,106
121,0x9F5E0000,17,1
121,0x9F5E8000,17,41
122,0x00000000,2,122
122,0x40000000,2,0
122,0xA0000000,3,105
122,0x80000000,4,121
122,0x90000000,4,101
122,0xC0000000,4,119
122,0xD0000000,4,32
122,0xE0000000,4,108
122,0xF0000000,5,97
122,0xF8000000,6,111
122,0xFC000000,8,109
122,0xFD000000,8,58
122,0xFF000000,8,99
122,0xFE000000,9,44
122,0xFEC00000,10,98
122,0xFE800000,11,117
122,0xFEB00000,12,33
122,0xFEA00000,14,1
122,0xFEA40000,14,116
122,0xFEA80000,14,104
122,0xFEAC0000,14,63
123,0x00000000,1,1
123,0x80000000,1,1
124,0x00000000,1,1
124,0x80000000,1,1
125,0x00000000,1,1
125,0x80000000,1,1
126,0x00000000,1,1
126,0x80000000,1,1
127,0x00000000,1,1
127,0x80000000,1,1
